code,Country,Four-Wheelers,Two-Wheelers,Cyclists,Pedestrians,Others,Estimated road traffic death rate per 100000 population,Four_Wheelers_Rank,Two_Wheelers_Rank,Cyclists_Rank,Pedestrians_Rank,Others_Rank
asbtn,Bhutan,94.9,1.7,0,3.4,0,15.1,1,93,140,119,96
saarg,Argentina,88,0,2,10.1,0,13.6,2,121,76,110,117
euisl,Iceland,80,6.7,0,6.7,6.7,4.6,3,79,166,116,49
astkm,Turkmenistan,74.7,0,1.9,23.4,0,17.4,4,120,78,73,121
asqat,Qatar,71.6,0,0,28.4,0,15.2,5,154,122,55,158
afcod,Democratic Republic of the Congo,70.9,14.9,0,4.9,9.1,33.2,6,53,127,118,37
aflby,Libya,70.8,1.5,1.3,26.4,0,23.8,7,94,82,63,143
afbwa,Botswana,67.6,0,0,27.3,5.1,23.6,8,111,139,60,64
askgz,Kyrgyzstan,67.3,0,1.1,31.6,0.1,22,9,135,83,40,94
afner,Niger,67,0,0,33,0,26.4,10,161,151,34,159
eulux,Luxembourg,66.7,17.8,0,11.1,4.4,8.7,11,44,167,109,71
nacan,Canada,66.6,8.4,2.5,15.7,6.7,6,12,74,66,101,50
afzaf,South Africa,66.6,0,0,33.4,0,25.1,13,116,111,30,98
ocnzl,New Zealand,65.7,15.4,3.1,11.8,3.9,6,14,52,61,108,73
euirl,Ireland,65.4,13.8,2.7,16.5,1.6,4.1,15,58,64,95,83
nausa,United States of America,64.4,14.8,2.2,14.1,4.5,10.6,16,54,73,103,68
asomn,Oman,64.3,2.3,2.6,23.2,7.6,25.4,17,90,65,75,46
asjor,Jordan,64.3,0,0,35.7,0,26.3,18,138,164,25,127
ocaus,Australia,64.2,17.9,4.2,13.2,0.6,5.4,19,43,53,106,91
eubgr,Bulgaria,62.9,8.7,5.2,18.1,5.2,8.3,20,71,46,90,62
octon,Tonga,62.5,0,0,37.5,0,7.6,21,126,107,21,123
astjk,Tajikistan,62.5,0,4.2,33.3,0,18.8,22,123,52,33,118
eufin,Finland,62.4,11.2,7.8,13.2,5.4,4.8,23,64,28,105,60
asaze,Azerbaijan,62.1,0.5,0.3,30.5,6.7,10,24,100,94,45,51
afnam,Namibia,61.7,0.6,0.6,32.1,4.9,23.9,25,98,89,39,65
eunor,Norway,61,12.8,5.3,9.6,11.2,3.8,26,62,45,112,29
askaz,Kazakhstan,60.5,2.3,1.1,22.5,13.5,24.2,27,89,84,79,26
asbhr,Bahrain,59.3,3.5,5.8,31.4,0,8,28,86,42,41,120
asrus,Russian Federation,57.3,4.3,1.7,28.9,7.8,18.9,29,85,80,53,44
euswe,Sweden,57.3,16.5,5.4,16.2,4.6,2.8,30,49,44,98,67
asare,United Arab Emirates,57.3,2.6,0.3,26.1,13.7,10.9,31,88,93,66,25
aflso,Lesotho,56.9,1.2,0.6,30.3,11,28.2,32,96,91,46,30
sabol,Bolivia (Plurinational State of),56.1,9.9,0.9,32.5,0.6,23.2,33,67,86,37,92
asarm,Armenia,54.7,0,0.3,35.8,9.2,18.3,34,115,96,24,36
euhrv,Croatia,54.3,17.1,6.3,18.8,3.5,9.2,35,46,38,87,77
eubih,Bosnia and Herzegovina,52.6,9.1,11,27.3,0,17.7,36,70,17,59,99
eubel,Belgium,51.9,15.9,10.1,13.7,8.4,6.7,37,51,19,104,40
eualb,Albania,50.8,13.2,4.1,31.2,0.7,15.1,38,61,55,42,89
euest,Estonia,50.6,6.2,11.1,28.4,3.7,7,39,80,15,54,76
eudnk,Denmark,50.3,13.6,17.3,17.8,1,3.5,40,59,3,92,87
eufra,France,49.3,24.2,4.5,14.2,7.8,5.1,41,28,51,102,45
eublr,Belarus,49.2,0,7.9,41.6,1.2,13.7,42,125,27,12,84
aftun,Tunisia,48.6,20.5,2.5,28.2,0,24.4,43,35,67,56,107
afegy,Egypt,48.6,0.6,6.3,29.2,15.3,12.8,44,99,37,51,21
afzmb,Zambia,48.4,2.2,11.6,36.4,0,24.7,45,91,9,22,112
ocpng,Papua New Guinea,48.4,0,0,29,22.6,16.8,46,127,134,52,16
eudeu,Germany,47.6,19.2,10.6,16.7,6,4.3,47,41,18,94,54
eucze,Czechia,47.1,11,11.3,24.8,5.8,6.1,48,65,12,71,56
asmng,Mongolia,47,19.3,0.2,30.6,2.9,21,49,39,97,44,79
euesp,Spain,46.7,21.1,4.1,22.5,5.6,3.7,50,34,54,80,57
eugbr,United Kingdom of Great Britain and Northern Ireland,46.3,19.3,6.4,22.9,5.2,2.9,51,40,36,77,63
eusrb,Serbia,46.2,8.6,9.1,26.9,9.2,7.7,52,72,22,61,35
eusvk,Slovakia,45.8,8.4,6.8,30.3,8.8,6.6,53,73,35,47,39
eusvn,Slovenia,45.6,16.8,12.8,16,8.8,6.4,54,47,8,99,38
euita,Italy,45.4,25.5,7.4,16.2,5.5,6.1,55,27,31,97,59
asgeo,Georgia,44.7,3.1,0.6,24.3,27.2,11.8,56,87,90,72,11
eumne,Montenegro,44.6,9.5,1.4,20.3,24.3,11.9,57,68,81,84,14
ocvut,Vanuatu,44.4,0,0,55.6,0,16.6,58,110,108,6,116
eumlt,Malta,44.4,27.8,0,27.8,0,5.1,59,25,158,57,137
euprt,Portugal,44.3,20.4,4.6,22.6,8.2,7.8,60,36,49,78,42
eurou,Romania,44,4.7,8.5,39,3.8,8.7,61,83,25,17,75
eugrc,Greece,43.9,32.5,2.1,17.2,4.3,9.1,62,20,74,93,72
eupol,Poland,43.1,9.4,9.1,34,4.4,10.3,63,69,23,29,70
euhun,Hungary,43,13.9,11.5,24.9,6.8,7.7,64,57,11,70,48
eultu,Lithuania,43,7.4,7,37.5,4.7,10.6,65,76,34,20,66
euaut,Austria,42.4,21.5,11.2,18,5.9,5.4,66,32,14,91,55
eulva,Latvia,42,7.4,7.4,39.8,3.4,10,67,75,32,16,78
asbgd,Bangladesh,41.5,10.8,1.8,32.2,13.7,13.6,68,66,79,38,24
asirn,Iran (Islamic Republic of),41.3,21.5,0.7,23.2,13.4,32.1,69,31,87,76,27
asisr,Israel,41.2,14.1,4.7,32.9,7.2,3.6,70,55,48,35,47
eumda,Republic of Moldova,41.1,11.9,6,32.8,8.3,12.5,71,63,40,36,41
occok,Cook Islands,40,60,0,0,0,24.2,72,7,129,120,160
ocfji,Fiji,39,0,2.4,58.5,0,5.8,73,142,68,5,147
eucyp,Cyprus,38.6,34.1,4.5,18.2,4.5,5.2,74,18,50,89,69
euche,Switzerland,38.3,20.4,6.3,25.7,9.3,3.3,75,38,39,69,34
eunld,Netherlands,36.5,13.5,32.3,9.8,7.9,3.4,76,60,2,111,43
sachl,Chile,36.1,7,7.6,38.9,10.4,12.4,77,77,30,19,32
afmar,Morocco,35.9,21.2,5.9,26.2,10.9,20.8,78,33,41,64,31
sasur,Suriname,35.5,42.1,3.9,18.4,0,19.1,79,15,56,88,102
aftza,United Republic of Tanzania,35,21.7,11.2,31.2,0.9,32.9,80,30,13,43,88
afken,Kenya,34.3,4.9,14.4,46.4,0,29.1,81,82,6,9,156
ocmhl,Marshall Islands,33.3,66.7,0,0,0,5.7,82,5,157,151,136
askor,Republic of Korea,33.2,16.3,5.5,38.9,6.1,12,83,50,43,18,52
afmwi,Malawi,32.5,1.3,17.2,49.1,0,35,84,95,4,8,140
asjpn,Japan,32.4,17.4,13.7,36.2,0.3,4.7,85,45,7,23,93
asmmr,Myanmar,26,23,9,26,16,20.3,86,29,24,68,20
saury,Uruguay,25.9,52.9,2.8,15.7,2.6,16.6,87,10,62,100,80
aferi,Eritrea,25.7,0,7.4,39.9,27,24.1,88,139,33,15,12
asphl,Philippines,25.3,52.5,2,19,1.1,10.5,89,11,75,86,85
astur,Turkey,25,4.3,0.9,26.2,43.6,8.9,90,84,85,65,7
saguy,Guyana,25,18.8,11.6,34.8,9.8,17.3,91,42,10,27,33
afsyc,Seychelles,25,0,0,75,0,8.6,92,104,112,3,126
afstp,Sao Tome and Principe,25,32.1,0,42.9,0,31.1,93,21,106,11,151
afgha,Ghana,24.2,14,3.7,41.5,16.7,26.2,94,56,57,13,18
asmys,Malaysia,23.7,62.1,2.2,6.6,5.5,24,95,6,72,117,58
sabra,Brazil,23.5,28,3.3,19.7,25.5,23.4,96,24,60,85,13
sapry,Paraguay,23.4,54.1,0.7,20.7,1.1,20.7,97,9,88,83,86
afmus,Mauritius,22.8,30.9,9.6,34.6,2.2,12.2,98,22,20,28,81
afzwe,Zimbabwe,20.5,6.2,3.6,16.5,53.3,28.2,99,81,58,96,6
aschn,China,19.2,26.8,8.1,26.1,19.8,18.8,100,26,26,67,17
afmli,Mali,18.7,20.4,0,27.4,33.5,25.6,101,37,159,58,10
aslao,Lao People's Democratic Republic,18.7,66.9,2.7,9.6,2.1,14.3,102,4,63,113,82
assgp,Singapore,17.5,45.6,9.4,26.9,0.6,3.6,103,13,21,62,90
asind,India,17.2,33.9,3.5,9.1,36.2,16.6,104,19,59,114,8
asmdv,Maldives,16.7,16.7,16.7,33.3,16.7,3.5,105,48,5,32,19
afben,Benin,15.5,55.8,2.3,21.1,5.3,27.7,106,8,71,81,61
astha,Thailand,13,72.8,2.3,8.1,3.8,36.2,107,2,70,115,74
askhm,Cambodia,8.5,70.4,2.3,12.7,6.1,17.4,108,3,69,107,53
sacol,Colombia,7.6,44.3,5,29.3,13.8,16.8,109,14,47,50,23
afuga,Uganda,7.2,30.6,7.6,40.2,14.5,27.4,110,23,29,14,22
saper,Peru,6.9,1,0.3,23.3,68.4,13.9,111,97,95,74,1
asidn,Indonesia,6,36,2,21,35,15.3,112,17,77,82,9
aslka,Sri Lanka,5.7,40.8,11,29.8,12.7,17.4,113,16,16,49,28
saecu,Ecuador,2.2,6.9,0.5,30,60.3,20.1,114,78,92,48,4
euukr,Ukraine,0,0,0,0,0,10.6,115,101,105,130,119
afsdn,Sudan,0,0,0,33.4,66.6,24.3,116,122,103,31,2
saven,Venezuela (Bolivarian Republic of),0,0,0,0,0,45.1,117,109,117,137,115
asvnm,Viet Nam,0,0,0,0,0,24.5,118,108,101,138,114
euand,Andorra,0,50,0,50,0,7.6,119,12,142,7,111
asuzb,Uzbekistan,0,0,0,0,0,11.2,120,113,102,135,109
asyem,Yemen,0,0,0,0,0,21.5,121,107,120,139,113
afssd,South Sudan,0,0,0,0,0,27.9,122,118,114,165,97
afago,Angola,0,1.9,0,35.4,62.7,26.9,123,92,141,26,3
afsom,Somalia,0,0,0,0,0,25.4,124,102,119,163,100
ocslb,Solomon Islands,0,0,0,0,0,19.2,125,112,118,162,101
aftgo,Togo,0,0,0,0,0,31.1,126,114,113,123,124
afdza,Algeria,0,0,0,0,0,23.8,127,117,143,140,110
assyr,Syrian Arab Republic,0,0,0,0,0,20,128,124,98,126,108
octls,Timor-Leste,0,0,0,0,0,16.6,129,119,116,122,125
afmrt,Mauritania,0,0,0,0,0,24.5,130,148,156,150,135
afsle,Sierra Leone,0,0,0,0,0,27.3,131,105,115,160,105
afgnb,Guinea-Bissau,0,0,0,0,0,27.5,132,144,147,161,139
afgmb,Gambia,0,0,0,0,0,29.4,133,146,145,166,132
afgab,Gabon,0,0,0,0,0,22.9,134,143,144,142,131
afeth,Ethiopia,0,0,0,0,0,25.3,135,141,124,156,148
afgnq,Equatorial Guinea,0,0,0,0,0,22.9,136,134,125,143,165
afdji,Djibouti,0,0,0,0,0,24.7,137,130,126,131,164
asprk,Democratic People's Republic of Korea,0,0,0,0,0,20.8,138,147,128,125,161
afcog,Congo,0,0,0,0,0,26.4,139,166,130,121,150
afcom,Comoros,0,0,0,0,0,28,140,165,131,127,157
aftcd,Chad,0,0,0,0,0,24.1,141,162,132,124,155
afcaf,Central African Republic,0,0,0,0,0,32.4,142,157,123,129,153
afcmr,Cameroon,0,0,0,0,0,27.6,143,156,133,141,122
afcpv,Cabo Verde,0,0,0,0,0,26.1,144,155,135,132,104
afbdi,Burundi,0,0,0,0,0,31.3,145,153,136,133,103
afbfa,Burkina Faso,0,0,0,0,0,30,146,129,137,134,106
asbrn,Brunei Darussalam,0,0,0,0,0,8,147,106,138,136,95
afgin,Guinea,0,0,0,0,0,27.3,148,145,146,164,138
asirq,Iraq,0,0,0,0,0,20.2,149,140,165,159,142
afsen,Senegal,0,0,0,0,0,27.2,150,103,110,157,128
ockir,Kiribati,0,0,33.3,66.7,0,2.9,151,137,1,4,146
assau,Saudi Arabia,0,0,0,0,0,27.4,152,128,109,155,129
eusmr,San Marino,0,100,0,0,0,3.2,153,1,99,144,152
ocwsm,Samoa,0,0,0,76.5,23.5,15.8,154,151,100,2,15
afrwa,Rwanda,0,0,0,0,0,32.1,155,152,104,153,154
ocplw,Palau,0,0,0,100,0,4.8,156,150,148,1,162
aspak,Pakistan,0,0,0,0,0,14.2,157,158,149,128,163
afnga,Nigeria,0,0,0,0,0,20.5,158,160,150,145,166
asnpl,Nepal,0,0,0,0,0,17,159,163,152,146,149
afmoz,Mozambique,0,0,0,0,0,31.6,160,164,153,147,130
eumco,Monaco,0,0,0,0,0,0,161,159,154,148,133
ocfsm,Micronesia (Federated States of),0,0,0,0,0,1.9,162,149,155,149,134
afmdg,Madagascar,0,0,0,0,0,28.4,163,131,160,152,141
aflbr,Liberia,0,0,0,0,0,33.7,164,132,161,154,144
aslbn,Lebanon,0,0,0,43.3,56.7,22.6,165,133,162,10,5
askwt,Kuwait,0,0,0,0,0,18.7,166,136,163,158,145
asafg,Afghanistan,0,0,0,0,0,15.5,167,167,121,167,167
nagrl,Greenland,0,0,0,0,0,0,0,0,0,0,0
